{
  "config": {
    "data_path": "master_data.csv",
    "outdir": "outputs_step1",
    "start_month": "2021-01",
    "who_monthly_source": "WHO",
    "google_fever_source": "Google_Trends_Dengue_fever",
    "google_vaccine_source": "Google_Trends_Dengue_vaccine",
    "yearly_proxy_sources_priority": [
      "OpenDengue_State_Aggregated",
      "OpenDengue_National_Yearly"
    ],
    "lambda_who": 1.0,
    "lambda_year": 1.0,
    "lambda_reg": 0.001,
    "epochs": 5000,
    "lr": 0.01,
    "seed": 42,
    "target_scale": 1000.0,
    "clip_nonnegative": true
  },
  "features": [
    "intercept",
    "g_fever",
    "g_vaccine",
    "m_2",
    "m_3",
    "m_4",
    "m_5",
    "m_6",
    "m_7",
    "m_8",
    "m_9",
    "m_10",
    "m_11",
    "m_12"
  ],
  "beta": {
    "intercept": -0.11093227565288544,
    "g_fever": 0.9186205863952637,
    "g_vaccine": -0.07209302484989166,
    "m_2": -1.4114694595336914,
    "m_3": -1.1044213771820068,
    "m_4": -1.5406732559204102,
    "m_5": -1.510135293006897,
    "m_6": -2.23936128616333,
    "m_7": -1.2034485340118408,
    "m_8": -0.9244762659072876,
    "m_9": 0.5006107091903687,
    "m_10": 4.718749523162842,
    "m_11": 3.655917167663574,
    "m_12": 2.0253865718841553
  },
  "target_scale": 1000.0
}