year,pred_year_total,od_total,od_source
2021,204078.65270996094,193245.0,OpenDengue_State_Aggregated
2022,226149.44287109375,233251.0,OpenDengue_State_Aggregated
2023,293065.50048828125,289235.0,OpenDengue_State_Aggregated
2024,226183.95556640625,233519.0,OpenDengue_State_Aggregated
