{
  "config": {
    "data_path": "master_data.csv",
    "outdir": "outputs_step1_wiki",
    "start_month": "2021-01",
    "who_monthly_source": "WHO",
    "google_fever_source": "Google_Trends_Dengue_fever",
    "google_vaccine_source": "Google_Trends_Dengue_vaccine",
    "use_wiki": true,
    "wiki_path": "total_dengue_views.csv",
    "wiki_month_col": "Month",
    "wiki_value_col": "Total_Views",
    "wiki_transform": "log1p",
    "yearly_proxy_sources_priority": [
      "OpenDengue_State_Aggregated",
      "OpenDengue_National_Yearly"
    ],
    "lambda_who": 1.0,
    "lambda_year": 1.0,
    "lambda_reg": 0.001,
    "epochs": 5000,
    "lr": 0.01,
    "seed": 42,
    "target_scale": 1000.0,
    "clip_nonnegative": true
  },
  "features": [
    "intercept",
    "g_fever",
    "g_vaccine",
    "wiki_views",
    "m_2",
    "m_3",
    "m_4",
    "m_5",
    "m_6",
    "m_7",
    "m_8",
    "m_9",
    "m_10",
    "m_11",
    "m_12"
  ],
  "beta": {
    "intercept": 1.284641146659851,
    "g_fever": 0.9631631374359131,
    "g_vaccine": -0.08259504288434982,
    "wiki_views": -0.39586523175239563,
    "m_2": 0.13472282886505127,
    "m_3": 0.3598403036594391,
    "m_4": 0.010653716512024403,
    "m_5": 0.010514414869248867,
    "m_6": -0.8335075974464417,
    "m_7": 0.0670301765203476,
    "m_8": 0.20727059245109558,
    "m_9": 1.5619291067123413,
    "m_10": 5.677988052368164,
    "m_11": 5.01723575592041,
    "m_12": 3.3762526512145996
  },
  "target_scale": 1000.0
}