{
  "config": {
    "data_path": "master_data.csv",
    "outdir": "outputs_step1_wiki",
    "start_month": "2021-01",
    "who_monthly_source": "WHO",
    "google_fever_source": "Google_Trends_Dengue_fever",
    "google_vaccine_source": "Google_Trends_Dengue_vaccine",
    "use_wiki": true,
    "wiki_path": "total_dengue_views.csv",
    "wiki_month_col": "Month",
    "wiki_value_col": "Total_Views",
    "wiki_transform": "log1p",
    "yearly_proxy_sources_priority": [
      "OpenDengue_State_Aggregated",
      "OpenDengue_National_Yearly"
    ],
    "lambda_who": 1.0,
    "lambda_year": 1.0,
    "lambda_reg": 0.001,
    "epochs": 5000,
    "lr": 0.01,
    "seed": 42,
    "target_scale": 1000.0,
    "clip_nonnegative": true
  },
  "features": [
    "intercept",
    "g_fever",
    "g_vaccine",
    "wiki_views",
    "m_2",
    "m_3",
    "m_4",
    "m_5",
    "m_6",
    "m_7",
    "m_8",
    "m_9",
    "m_10",
    "m_11",
    "m_12"
  ],
  "beta": {
    "intercept": 1.326019287109375,
    "g_fever": 0.9624622464179993,
    "g_vaccine": -0.08347519487142563,
    "wiki_views": -0.39826807379722595,
    "m_2": 0.16703413426876068,
    "m_3": 0.4642414152622223,
    "m_4": 0.005396348424255848,
    "m_5": 0.02806171588599682,
    "m_6": -0.7940565943717957,
    "m_7": 0.08033023029565811,
    "m_8": 0.294565886259079,
    "m_9": 1.6363664865493774,
    "m_10": 5.860107421875,
    "m_11": 4.938263416290283,
    "m_12": 3.293111562728882
  },
  "target_scale": 1000.0
}