{
  "config": {
    "data_path": "master_data.csv",
    "outdir": "outputs_step1_wiki",
    "start_month": "2021-01",
    "who_monthly_source": "WHO",
    "google_fever_source": "Google_Trends_Dengue_fever",
    "google_vaccine_source": "Google_Trends_Dengue_vaccine",
    "use_wiki": true,
    "wiki_path": "total_dengue_views.csv",
    "wiki_month_col": "Month",
    "wiki_value_col": "Total_Views",
    "wiki_transform": "log1p",
    "yearly_proxy_sources_priority": [
      "OpenDengue_State_Aggregated",
      "OpenDengue_National_Yearly"
    ],
    "lambda_who": 1.0,
    "lambda_year": 1.0,
    "lambda_reg": 0.001,
    "epochs": 5000,
    "lr": 0.01,
    "seed": 42,
    "target_scale": 1000.0,
    "clip_nonnegative": true
  },
  "features": [
    "intercept",
    "g_fever",
    "g_vaccine",
    "wiki_views",
    "m_2",
    "m_3",
    "m_4",
    "m_5",
    "m_6",
    "m_7",
    "m_8",
    "m_9",
    "m_10",
    "m_11",
    "m_12"
  ],
  "beta": {
    "intercept": 1.4046289920806885,
    "g_fever": 0.945456862449646,
    "g_vaccine": -0.07699429988861084,
    "wiki_views": -0.4008747935295105,
    "m_2": 0.1081450954079628,
    "m_3": 0.3711703419685364,
    "m_4": -0.04718967527151108,
    "m_5": -0.05334530025720596,
    "m_6": -0.8955510854721069,
    "m_7": 0.104703389108181,
    "m_8": 0.3027563691139221,
    "m_9": 1.8787952661514282,
    "m_10": 6.329192161560059,
    "m_11": 5.472310543060303,
    "m_12": 3.623340606689453
  },
  "target_scale": 1000.0
}