{
  "config": {
    "data_path": "master_data.csv",
    "outdir": "outputs_step1_wiki",
    "start_month": "2021-01",
    "who_monthly_source": "WHO",
    "google_fever_source": "Google_Trends_Dengue_fever",
    "google_vaccine_source": "Google_Trends_Dengue_vaccine",
    "use_wiki": true,
    "wiki_path": "total_dengue_views.csv",
    "wiki_month_col": "Month",
    "wiki_value_col": "Total_Views",
    "wiki_transform": "log1p",
    "yearly_proxy_sources_priority": [
      "OpenDengue_State_Aggregated",
      "OpenDengue_National_Yearly"
    ],
    "lambda_who": 1.0,
    "lambda_year": 1.0,
    "lambda_reg": 0.001,
    "epochs": 5000,
    "lr": 0.01,
    "seed": 42,
    "target_scale": 1000.0,
    "clip_nonnegative": true
  },
  "features": [
    "intercept",
    "g_fever",
    "g_vaccine",
    "wiki_views",
    "m_2",
    "m_3",
    "m_4",
    "m_5",
    "m_6",
    "m_7",
    "m_8",
    "m_9",
    "m_10",
    "m_11",
    "m_12"
  ],
  "beta": {
    "intercept": 0.2732243239879608,
    "g_fever": 0.9361505508422852,
    "g_vaccine": -0.06825139373540878,
    "wiki_views": -0.13475103676319122,
    "m_2": -0.9607757329940796,
    "m_3": -0.6400498747825623,
    "m_4": -1.0967284440994263,
    "m_5": -1.0750558376312256,
    "m_6": -1.828805685043335,
    "m_7": -0.8943209648132324,
    "m_8": -0.6464635729789734,
    "m_9": 0.7935559749603271,
    "m_10": 5.064785480499268,
    "m_11": 4.0384697914123535,
    "m_12": 2.3040661811828613
  },
  "target_scale": 1000.0
}