{
  "config": {
    "data_path": "master_data.csv",
    "outdir": "outputs_step1_wiki",
    "start_month": "2021-01",
    "who_monthly_source": "WHO",
    "google_fever_source": "Google_Trends_Dengue_fever",
    "google_vaccine_source": "Google_Trends_Dengue_vaccine",
    "use_wiki": true,
    "wiki_path": "total_dengue_views.csv",
    "wiki_month_col": "Month",
    "wiki_value_col": "Total_Views",
    "wiki_transform": "log1p",
    "yearly_proxy_sources_priority": [
      "OpenDengue_State_Aggregated",
      "OpenDengue_National_Yearly"
    ],
    "lambda_who": 1.0,
    "lambda_year": 1.0,
    "lambda_reg": 0.001,
    "epochs": 5000,
    "lr": 0.01,
    "seed": 42,
    "target_scale": 1000.0,
    "clip_nonnegative": true
  },
  "features": [
    "intercept",
    "g_fever",
    "g_vaccine",
    "wiki_views",
    "m_2",
    "m_3",
    "m_4",
    "m_5",
    "m_6",
    "m_7",
    "m_8",
    "m_9",
    "m_10",
    "m_11",
    "m_12"
  ],
  "beta": {
    "intercept": 1.2870928049087524,
    "g_fever": 0.9633520841598511,
    "g_vaccine": -0.08268564939498901,
    "wiki_views": -0.3965144753456116,
    "m_2": 0.10352154821157455,
    "m_3": 0.3345135748386383,
    "m_4": -0.023885855451226234,
    "m_5": -0.023902185261249542,
    "m_6": -0.8927115797996521,
    "m_7": 0.03212248906493187,
    "m_8": 0.17540140450000763,
    "m_9": 1.565702199935913,
    "m_10": 5.793520927429199,
    "m_11": 5.11786413192749,
    "m_12": 3.4341013431549072
  },
  "target_scale": 1000.0
}